SampleID	BaEoMa	Bcell_Fos.Jun	Bcell_IgMhi_TransB	Bcell_Isg	Bcell_Mem	Bcell_Naive	CD14_Mono_CCL3_IL1B	CD14_Mono_ISG15	CD14_Mono_MAP3K8	CD14_Mono_MHCII	CD14_Mono_S100A8	CD14CD16_Mono	CD16_Mono_CCL3	CD16_Mono_CDKN1C	CD16_Mono_ISG15	CD16_Mono_JUND	CD16_Mono_MT	CD4T_CTL_GZMK	CD4T_CTL_NKG7	CD4T_Fos.Jun	CD4T_LGALS1	CD4T_Tfh	CD4T_Th17	CD4T_Tisg	CD4T_Tn	CD4T_Treg	CD8T_Tcm	CD8T_Teff_CCL4	CD8T_Teff_FGFBP2	CD8T_Teff_Fos.Jun	CD8T_Teff_MHCII	CD8T_Teff_NKlike	CD8T_Teff_TGFB1	CD8T_Tem	CD8T_Tisg	CD8T_Tn	CD8T_Trm	cDC1	cDC2_MNDA	cDC2_VEGFA	Fibroblast	gdT	GMP	HSC	Mac_APOE	Mac_FRMD4B	Mac_S100A4	MAIT	Neutro_ABCA13	Neutro_CXCL8	NK_CD16high	NK_CD16high_MHCII	NK_GZMK	NK_GZMK_SELL	NK_GZMK_TOX2	NK_JUND	NK_Tisg	pDC	Pre.Immature_B	Pro_B	Pro_E	Pro_Mk	Prolif_pDC	Prolif_Pre_B	Prolif_Pro_B
MMRF_1089	0.000343642611683849	0.0668384879725086	0.00103092783505155	0	0.00257731958762887	0.0297250859106529	0.00309278350515464	0	0	0.0013745704467354	0.015807560137457	0	0.000171821305841924	0.000171821305841924	0	0.000343642611683849	0.000171821305841924	0.0077319587628866	0.000171821305841924	0.475085910652921	0.00326460481099656	0.00154639175257732	0.0221649484536082	0.000687285223367698	0.187972508591065	0.0189003436426117	0.000515463917525773	0.00309278350515464	0.000515463917525773	0.0121993127147766	0	0.00171821305841924	0.000171821305841924	0.0225085910652921	0.000343642611683849	0.0128865979381443	0.000859106529209622	0	0.000515463917525773	0	0.000687285223367698	0.00103092783505155	0.00532646048109966	0.00962199312714777	0	0	0	0.00738831615120275	0	0.000171821305841924	0.0211340206185567	0	0.00343642611683849	0.00463917525773196	0.0139175257731959	0.0312714776632302	0.000859106529209622	0.00189003436426117	0.00189003436426117	0.000687285223367698	0	0.000687285223367698	0.000859106529209622	0	0
MMRF_1227	0.00104275286757039	0.0375391032325339	0.0166840458811262	0	0.0239833159541189	0.0302398331595412	0.00312825860271116	0	0	0	0.00521376433785193	0	0.00417101147028154	0	0	0	0	0.0166840458811262	0.00521376433785193	0.207507820646507	0.00104275286757039	0.0104275286757039	0.00417101147028154	0.00208550573514077	0.0928050052137643	0.02711157455683	0.00938477580813347	0.0427528675703858	0.0531803962460897	0.040667361835245	0	0.0573514077163712	0.00417101147028154	0.0750782064650678	0.00104275286757039	0.0302398331595412	0.00104275286757039	0.00104275286757039	0.00104275286757039	0	0.00208550573514077	0.0364963503649635	0.00625651720542232	0.00521376433785193	0	0	0	0.0156412930135558	0	0	0.0448383733055266	0	0.0125130344108446	0.0156412930135558	0.0072992700729927	0.0125130344108446	0	0.00417101147028154	0.0218978102189781	0.0072992700729927	0	0	0	0.00208550573514077	0
MMRF_1251	0	0.0121163166397415	0.0306946688206785	0	0.00484652665589661	0.0177705977382876	0.0024232633279483	0.0121163166397415	0	0.0145395799676898	0.124394184168013	0	0.000807754442649435	0	0.000807754442649435	0	0.00161550888529887	0.00484652665589661	0.000807754442649435	0.116316639741519	0.000807754442649435	0	0.0169628432956381	0	0.0210016155088853	0.00565428109854604	0.00161550888529887	0.055735056542811	0.00484652665589661	0.106623586429725	0	0.00161550888529887	0	0.037156704361874	0.00484652665589661	0.0266558966074313	0	0	0.0161550888529887	0.00161550888529887	0.00807754442649435	0	0.144588045234249	0.0339256865912763	0	0.00161550888529887	0	0.0105008077544426	0	0	0.00726978998384491	0	0.00161550888529887	0	0.00403877221324717	0.0024232633279483	0	0.0193861066235864	0.0339256865912763	0.0403877221324717	0.00323101777059774	0.00161550888529887	0.00969305331179321	0.0226171243941842	0.00969305331179321
MMRF_1264	0.000526870389884088	0.0123814541622761	0.000263435194942044	0.000263435194942044	0.00210748155953635	0.00289778714436249	0.00184404636459431	0	0	0.000790305584826133	0.0089567966280295	0	0.000263435194942044	0	0	0	0	0.00158061116965227	0.000263435194942044	0.630927291886196	0.000263435194942044	0.00105374077976818	0.0108008429926238	0.00105374077976818	0.133825079030558	0.0108008429926238	0.00184404636459431	0.00737618545837724	0.00184404636459431	0.04768177028451	0	0.00158061116965227	0.00342465753424658	0.0287144362486828	0.000790305584826133	0.017913593256059	0.000790305584826133	0	0	0	0	0.000526870389884088	0.00579557428872497	0.00184404636459431	0	0	0	0.00184404636459431	0	0.000263435194942044	0.00526870389884088	0	0.00184404636459431	0.00210748155953635	0.00105374077976818	0.0450474183350896	0	0.00105374077976818	0.000526870389884088	0	0	0	0	0	0
MMRF_1266	0.000246244767298695	0.0147746860379217	0.00344742674218173	0	0.00615611918246737	0.00270869244028564	0.00246244767298695	0	0	0.00098497906919478	0.00615611918246737	0	0.00196995813838956	0	0	0	0.00147746860379217	0.00443240581137651	0.0135434622014282	0.501108101452844	0.00246244767298695	0.00270869244028564	0.00541738488057129	0.000738734301896085	0.142083230731347	0.0192070918492982	0.0108347697611426	0.0046786505786752	0.00590987441516868	0.0371829598621029	0	0.00221620290568825	0.00393991627677912	0.0714109825166215	0.00295493720758434	0.0610687022900763	0.000246244767298695	0.000246244767298695	0.000246244767298695	0	0	0.00049248953459739	0.00738734301896085	0.00123122383649347	0	0	0	0.00344742674218173	0	0	0.0110810145284413	0.000246244767298695	0.00049248953459739	0.00147746860379217	0.00098497906919478	0.0162521546417139	0.000246244767298695	0.00049248953459739	0.0132972174341295	0.00714109825166215	0	0.000246244767298695	0	0.00221620290568825	0.000246244767298695
MMRF_1267	0.0124740124740125	0.00118800118800119	0	0	0.00237600237600238	0.00118800118800119	0.00207900207900208	0	0	0.00326700326700327	0.0516780516780517	0	0.000297000297000297	0	0	0	0.000891000891000891	0.00148500148500149	0.000297000297000297	0.207306207306207	0	0.000297000297000297	0.00742500742500743	0	0.0264330264330264	0.00148500148500149	0.00594000594000594	0.00712800712800713	0.00207900207900208	0.0302940302940303	0	0.00386100386100386	0.00267300267300267	0.0433620433620434	0	0.0252450252450252	0.000594000594000594	0	0.019008019008019	0	0.00207900207900208	0.000594000594000594	0.31036531036531	0.115830115830116	0	0	0	0.0118800118800119	0	0	0.00415800415800416	0	0.000297000297000297	0.000594000594000594	0	0.00534600534600535	0	0.00801900801900802	0.000297000297000297	0.000297000297000297	0.05999405999406	0.0124740124740125	0.00564300564300564	0.00178200178200178	0
MMRF_1284	0	0.00795228628230616	0.00198807157057654	0.00099403578528827	0.00298210735586481	0.00298210735586481	0.0168986083499006	0.00795228628230616	0	0.0139165009940358	0.025844930417495	0.00099403578528827	0.00397614314115308	0	0	0	0	0.00795228628230616	0	0.388667992047714	0.00298210735586481	0.00198807157057654	0.0328031809145129	0.00397614314115308	0.0417495029821074	0.0119284294234592	0	0.0298210735586481	0.0159045725646123	0.112326043737575	0	0.00397614314115308	0.00099403578528827	0.036779324055666	0.00894632206759443	0.00795228628230616	0	0.00099403578528827	0.00298210735586481	0	0.00497017892644135	0.00298210735586481	0.0685884691848907	0.0238568588469185	0	0	0	0.0198807157057654	0	0.00099403578528827	0.0149105367793241	0	0.00099403578528827	0.00497017892644135	0.00397614314115308	0.00497017892644135	0.00099403578528827	0.00795228628230616	0.00298210735586481	0.00198807157057654	0.0238568588469185	0.00397614314115308	0.00099403578528827	0.00695825049701789	0
MMRF_1286	0.00529760049859769	0.00747896540978498	0.0015581177937052	0	0.00249298846992833	0.00280461202866937	0.00124649423496416	0.0015581177937052	0	0.00436272982237457	0.038329697725148	0	0.000623247117482082	0	0.000311623558741041	0	0.00249298846992833	0.00716734185104394	0.000623247117482082	0.348395138672484	0.00124649423496416	0.000934870676223122	0.0140230601433468	0.000311623558741041	0.0701153007167342	0.00529760049859769	0.00186974135244624	0.00997195387971331	0.0118416952321596	0.0514178871922717	0	0.0137114365846058	0.000623247117482082	0.0426924275475226	0.000934870676223122	0.0137114365846058	0	0.0015581177937052	0.00966033032097227	0	0.000311623558741041	0.00218136491118729	0.0710501713929573	0.107510127765659	0	0	0	0.0239950140230601	0	0.000311623558741041	0.0109068245559364	0	0.00373948270489249	0.00373948270489249	0.00747896540978498	0.00779058896852602	0.000311623558741041	0.00966033032097227	0.00186974135244624	0.00810221252726706	0.0398878155188532	0.0143346837020879	0.00342785914615145	0.00623247117482082	0.00249298846992833
MMRF_1295	0.00138169257340242	0.0549222797927461	0.000345423143350604	0	0.00587219343696028	0.0110535405872193	0.00483592400690846	0	0	0.000345423143350604	0.0141623488773748	0	0.000345423143350604	0	0	0	0	0.00829015544041451	0.014853195164076	0.363730569948187	0.000690846286701209	0.00138169257340242	0.00241796200345423	0.000345423143350604	0.0549222797927461	0.00829015544041451	0.00138169257340242	0.0221070811744387	0.0248704663212435	0.107772020725389	0	0.0435233160621762	0.0335060449050086	0.0404145077720207	0.000690846286701209	0.0169257340241796	0.000690846286701209	0	0.000345423143350604	0	0	0.0110535405872193	0.018307426597582	0.00414507772020725	0	0	0	0.0141623488773748	0	0	0.0293609671848014	0.00103626943005181	0.00241796200345423	0.00379965457685665	0.0072538860103627	0.059412780656304	0	0.00414507772020725	0	0.00138169257340242	0.00241796200345423	0	0.000345423143350604	0	0.000345423143350604
MMRF_1296	0	0.0227920227920228	0	0	0.00427350427350427	0.00142450142450142	0.00498575498575499	0	0	0	0.0056980056980057	0	0	0	0	0	0	0.00641025641025641	0.0235042735042735	0.491096866096866	0.000356125356125356	0.00284900284900285	0.0153133903133903	0.00213675213675214	0.168091168091168	0.00997150997150997	0.000712250712250712	0.016025641025641	0.0138888888888889	0.121794871794872	0.000356125356125356	0.0117521367521368	0.014957264957265	0.0263532763532764	0.00106837606837607	0.00747863247863248	0.000356125356125356	0.000356125356125356	0.000356125356125356	0	0.000356125356125356	0.00106837606837607	0.00427350427350427	0.00213675213675214	0	0	0	0.00641025641025641	0	0	0.00284900284900285	0.000356125356125356	0.00106837606837607	0	0	0.00605413105413105	0	0.00106837606837607	0	0	0	0	0	0	0
MMRF_1311	0	0.00859019706922688	0.00404244567963618	0	0.0126326427488631	0.00353713996968166	0.00606366851945427	0.00303183425972713	0.000505305709954523	0.0156644770085902	0.0384032339565437	0	0.00202122283981809	0	0	0.000505305709954523	0.000505305709954523	0.0126326427488631	0	0.369378473976756	0.00151591712986357	0.00252652854977261	0.0141485598787266	0	0.0874178878221324	0.0045477513895907	0.00101061141990905	0.0202122283981809	0.011622031328954	0.066700353713997	0.00101061141990905	0.00960080848913593	0.00707427993936331	0.0697321879737241	0.011622031328954	0.0429509853461344	0.000505305709954523	0	0.000505305709954523	0	0.000505305709954523	0.00656897422940879	0.0373926225366347	0.00404244567963618	0	0	0.000505305709954523	0.0242546740778171	0	0.000505305709954523	0.0181910055583628	0.000505305709954523	0.00101061141990905	0	0.00353713996968166	0.0399191510864073	0.000505305709954523	0.00505305709954523	0.00656897422940879	0.0166750884284992	0	0.00101061141990905	0	0.00202122283981809	0.00101061141990905
MMRF_1323	0.000533902829684997	0.0600640683395622	0.000266951414842499	0	0.00613988254137747	0.0328350240256273	0.00400427122263748	0.00186865990389749	0	0.00961025093432995	0.0315002669514148	0	0.00240256273358249	0	0.000266951414842499	0	0.00480512546716498	0.010144153764015	0.000533902829684997	0.275226908702616	0.00213561131873999	0.000533902829684997	0.00747463961558996	0.000800854244527496	0.213561131873999	0.00453817405232248	0.000800854244527496	0.0226908702616124	0.0122797650827549	0.0539241857981847	0	0.00160170848905499	0.000533902829684997	0.0237586759209824	0	0.0149492792311799	0	0.000800854244527496	0.00533902829684997	0	0.000266951414842499	0	0.0317672183662573	0.0189535504538174	0	0.000266951414842499	0.000533902829684997	0.0128136679124399	0	0.000533902829684997	0.0563267485317672	0	0.00213561131873999	0.00266951414842499	0.00480512546716498	0.0427122263747998	0.000533902829684997	0.0141484249866524	0.00133475707421249	0.00240256273358249	0.000800854244527496	0.000266951414842499	0	0.000266951414842499	0.000533902829684997
MMRF_1332	0.000459558823529412	0.0581341911764706	0.00367647058823529	0	0.00620404411764706	0.00919117647058824	0.00988051470588235	0.00183823529411765	0	0.00482536764705882	0.0209099264705882	0	0.00160845588235294	0	0.000229779411764706	0	0.000229779411764706	0.0078125	0.00666360294117647	0.344669117647059	0.00252757352941176	0.00298713235294118	0.0130974264705882	0.000689338235294118	0.0523897058823529	0.00597426470588235	0.000229779411764706	0.00896139705882353	0.00528492647058824	0.0597426470588235	0.000459558823529412	0.00919117647058824	0.00597426470588235	0.0583639705882353	0.000919117647058824	0.146829044117647	0.000459558823529412	0	0.00321691176470588	0	0	0.00183823529411765	0.00758272058823529	0.00183823529411765	0	0	0	0.0422794117647059	0	0.000689338235294118	0.0314797794117647	0	0.000919117647058824	0.00321691176470588	0.000689338235294118	0.0360753676470588	0	0.00390625	0.0103400735294118	0.00505514705882353	0	0	0	0.000459558823529412	0
MMRF_1335	0.000540248514316586	0.0594273365748244	0.00216099405726634	0	0.0367368989735278	0.0437601296596434	0.00270124257158293	0.00216099405726634	0	0.0318746623446786	0.0421393841166937	0.00270124257158293	0.000540248514316586	0	0.00162074554294976	0	0.000540248514316586	0.00432198811453269	0.000540248514316586	0.283090221501891	0	0.00162074554294976	0.0102647217720151	0	0.121555915721232	0.00324149108589951	0.00162074554294976	0.0113452188006483	0.00864397622906537	0.0216099405726634	0	0.00486223662884927	0	0.0372771474878444	0	0.125337655321448	0.000540248514316586	0	0.000540248514316586	0	0.000540248514316586	0.00270124257158293	0.0205294435440303	0.0275526742301459	0	0	0.000540248514316586	0.0140464613722312	0	0.000540248514316586	0.0140464613722312	0	0.00270124257158293	0.00216099405726634	0.02215018908698	0.00270124257158293	0	0.00918422474338196	0.00648298217179903	0.00540248514316586	0	0	0.00108049702863317	0.0037817396002161	0.000540248514316586
MMRF_1338	0.000700280112044818	0.023109243697479	0.0728291316526611	0.00140056022408964	0.00350140056022409	0.0119047619047619	0.0175070028011204	0.00210084033613445	0	0.00980392156862745	0.0427170868347339	0.000700280112044818	0	0	0	0	0	0.00210084033613445	0	0.142156862745098	0	0.000700280112044818	0.00210084033613445	0	0.0357142857142857	0.00280112044817927	0	0.0147058823529412	0.00140056022408964	0.0637254901960784	0	0.00280112044817927	0	0.0196078431372549	0.000700280112044818	0.0252100840336134	0	0	0.00140056022408964	0.00140056022408964	0	0.000700280112044818	0.0623249299719888	0.0364145658263305	0	0	0.000700280112044818	0.00560224089635854	0	0	0.0105042016806723	0	0.00140056022408964	0.00140056022408964	0.0189075630252101	0.00490196078431373	0	0.0119047619047619	0.19047619047619	0.0665266106442577	0	0	0.00140056022408964	0.0658263305322129	0.0182072829131653
MMRF_1342	0.00160462130937099	0.0118741976893453	0.0285622593068036	0.00288831835686778	0.00128369704749679	0.0112323491655969	0	0.00834403080872914	0	0.00224646983311938	0.0141206675224647	0.00192554557124519	0.000641848523748395	0	0.000962772785622593	0	0	0.00545571245186136	0.0109114249037227	0.227535301668806	0.00353016688061617	0.00609756097560976	0.00802310654685494	0.0295250320924262	0.0343388960205392	0.0102695763799743	0.00224646983311938	0.0510269576379974	0.086007702182285	0.0561617458279846	0.00192554557124519	0.0256739409499358	0.00385109114249037	0.0186136071887035	0.0215019255455712	0.00288831835686778	0	0.000641848523748395	0.00256739409499358	0	0.000641848523748395	0.000320924261874198	0.0670731707317073	0.0279204107830552	0	0	0	0.00192554557124519	0	0.000641848523748395	0.021181001283697	0.00224646983311938	0.00481386392811297	0.00513478818998716	0.0263157894736842	0.00449293966623877	0.00706033376123235	0.00673940949935815	0.05198973042362	0.0234274711168164	0.00224646983311938	0.000641848523748395	0.000320924261874198	0.0401155327342747	0.0102695763799743
MMRF_1348	0.000433275563258232	0.00563258232235702	0.00389948006932409	0	0.0012998266897747	0.0054159445407279	0.000216637781629116	0.000866551126516464	0	0.00346620450606586	0.0147313691507799	0.000216637781629116	0.000649913344887348	0	0	0	0.00108318890814558	0.00996533795493934	0.0127816291161179	0.305242634315425	0.0012998266897747	0.00151646447140381	0.0155979202772964	0.000433275563258232	0.255415944540728	0.00996533795493934	0.00996533795493934	0.0327123050259965	0.0385615251299827	0.0418110918544194	0.000216637781629116	0.0294627383015598	0.0012998266897747	0.024263431542461	0.000216637781629116	0.0519930675909879	0.000216637781629116	0	0.000433275563258232	0	0.000216637781629116	0.00259965337954939	0.0389948006932409	0.0106152512998267	0	0	0.000433275563258232	0.00714904679376083	0	0.000433275563258232	0.0275129982668977	0.000216637781629116	0.0012998266897747	0.000866551126516464	0.0012998266897747	0.00844887348353553	0	0.00303292894280763	0.0067157712305026	0.00519930675909879	0.000649913344887348	0.000216637781629116	0	0.00173310225303293	0.00108318890814558
MMRF_1349	0	0.00377442273534636	0	0	0.00377442273534636	0.00066607460035524	0.00399644760213144	0.00044404973357016	0.00066607460035524	0.00133214920071048	0.00621669626998224	0	0.00377442273534636	0	0.00066607460035524	0	0.00199822380106572	0.00399644760213144	0.122779751332149	0.177619893428064	0.00088809946714032	0.0044404973357016	0.00754884547069272	0.00022202486678508	0.0173179396092362	0.0066607460035524	0.00066607460035524	0.0144316163410302	0.131438721136767	0.134547069271758	0.00022202486678508	0.0546181172291297	0.049955595026643	0.0335257548845471	0.00133214920071048	0.005550621669627	0.00022202486678508	0	0.00022202486678508	0	0	0.00088809946714032	0.00310834813499112	0.00466252220248668	0	0.00066607460035524	0	0.00177619893428064	0	0.00022202486678508	0.0537300177619893	0.00022202486678508	0.00310834813499112	0.00310834813499112	0.00133214920071048	0.124777975133215	0.0011101243339254	0.00355239786856128	0.00133214920071048	0.00066607460035524	0	0	0.00022202486678508	0	0
MMRF_1352	0.0019893899204244	0.0135941644562334	0.0172413793103448	0.001657824933687	0.0023209549071618	0.0019893899204244	0.0112732095490716	0.0003315649867374	0.0003315649867374	0.00464190981432361	0.0285145888594164	0	0	0	0	0	0	0.00331564986737401	0.0003315649867374	0.223143236074271	0.0013262599469496	0.000994694960212202	0.00596816976127321	0.123010610079576	0.132957559681698	0.00994694960212202	0	0.00397877984084881	0.0003315649867374	0.0218832891246684	0	0.00497347480106101	0.0019893899204244	0.0444297082228117	0.0911803713527851	0.0321618037135279	0.0003315649867374	0.0003315649867374	0.000994694960212202	0.0003315649867374	0	0	0.0387931034482759	0.0152519893899204	0	0	0.0003315649867374	0.018236074270557	0	0.000663129973474801	0.000994694960212202	0	0	0.000994694960212202	0.0019893899204244	0.00961538461538462	0.00431034482758621	0.00331564986737401	0.0580238726790451	0.024867374005305	0.0013262599469496	0	0	0.0311671087533156	0.0023209549071618
MMRF_1359	0.00203583061889251	0.0529315960912052	0.000814332247557003	0.000407166123778502	0.0162866449511401	0.0248371335504886	0	0.000407166123778502	0	0.00285016286644951	0.0346091205211726	0	0	0	0.0012214983713355	0	0.000407166123778502	0.00773615635179153	0.0521172638436482	0.188110749185668	0.000814332247557003	0.00203583061889251	0.0602605863192182	0	0.0484527687296417	0.0150651465798046	0.0012214983713355	0.0228013029315961	0.0154723127035831	0.0838762214983713	0.00366449511400651	0.00529315960912052	0.00407166123778502	0.0541530944625407	0.0012214983713355	0.0798045602605863	0.000407166123778502	0	0.00162866449511401	0	0	0.0134364820846906	0.0667752442996743	0.0260586319218241	0	0	0	0.00447882736156352	0	0.000407166123778502	0.0419381107491857	0.000814332247557003	0.00366449511400651	0.00692182410423453	0.0166938110749186	0.0232084690553746	0.000407166123778502	0.00570032573289902	0.000407166123778502	0.0012214983713355	0.000814332247557003	0	0.00162866449511401	0.000407166123778502	0
